brand_slug,brand_name,category
1stplayer,1stPlayer,CASE
1stplayer,1stPlayer,PSU
51risc,51Risc,GPU
acbel,AcBel,PSU
adata,ADATA,RAM
adata,ADATA,STORAGE
aerocool,Aerocool,CASE
aerocool,Aerocool,COOLER
afox,Afox,GPU
aigo,Aigo,CASE
aigo,Aigo,COOLER
aigo,Aigo,PSU
aigo,Aigo,RAM
aisurix,AISURIX,GPU
alphacool,Alphacool,WATER_COOLING
alseye,Alseye,COOLER
amd,AMD,CPU
amd,AMD,GPU
antec,Antec,COOLER
antec,Antec,PSU
apacer,Apacer,RAM
apacer,Apacer,STORAGE
arctic,Arctic,COOLER
arktek,Arktek,MOTHERBOARD
asgard,Asgard,RAM
asrock,ASRock,GPU
asrock,ASRock,MOTHERBOARD
asus,ASUS,GPU
asus,ASUS,MOTHERBOARD
asus,ASUS,PSU
axle,Axle,GPU
barrow,Barrow,WATER_COOLING
be-quiet,be quiet!,COOLER
be-quiet,be quiet!,PSU
biostar,Biostar,GPU
biostar,Biostar,MOTHERBOARD
bitspower,Bitspower,WATER_COOLING
bykski,Bykski,WATER_COOLING
colorful,Colorful,GPU
colorful,Colorful,MOTHERBOARD
cooler-master,Cooler Master,CASE
cooler-master,Cooler Master,COOLER
cooler-master,Cooler Master,GPU
cooler-master,Cooler Master,PSU
cooler-master,Cooler Master,WATER_COOLING
corsair,Corsair,CASE
corsair,Corsair,PSU
corsair,Corsair,RAM
corsair,Corsair,STORAGE
corsair,Corsair,WATER_COOLING
cougar,Cougar,CASE
crucial,Crucial,RAM
crucial,Crucial,STORAGE
deepcool,Deepcool,CASE
deepcool,Deepcool,COOLER
deepcool,Deepcool,PSU
ekwb,EKWB,WATER_COOLING
evga,EVGA,GPU
evga,EVGA,MOTHERBOARD
fanxiang,Fanxiang,STORAGE
fractal-design,Fractal Design,CASE
freezemod,Freezemod,WATER_COOLING
fsp,FSP,PSU
g-skill,G.Skill,RAM
gainward,Gainward,GPU
galax,Galax,CASE
galax,Galax,GPU
gamdias,Gamdias,CASE
gamdias,Gamdias,COOLER
gamemax,Gamemax,CASE
gamemax,Gamemax,PSU
geil,GeIL,RAM
gigabyte,GIGABYTE,GPU
gigabyte,GIGABYTE,MOTHERBOARD
gigabyte,GIGABYTE,PSU
gigabyte,GIGABYTE,RAM
gigabyte,GIGABYTE,STORAGE
gloway,Gloway,RAM
golden-field,Golden Field,COOLER
goldenfir,Goldenfir,STORAGE
hiksemi,Hiksemi,RAM
hiksemi,Hiksemi,STORAGE
huananzhi,Huananzhi,MOTHERBOARD
huntkey,Huntkey,PSU
hygon,Hygon,CPU
hyte,Hyte,CASE
id-cooling,ID-Cooling,COOLER
inno3d,Inno3D,GPU
intel,Intel,CPU
intel,Intel,GPU
inwin,InWin,CASE
inwin,InWin,PSU
jetek,Jetek,PSU
jeyi,Jeyi,GPU
jingsha,Jingsha,GPU
jingsha,Jingsha,MOTHERBOARD
jiyue,Jiyue,MOTHERBOARD
jonsbo,Jonsbo,CASE
jonsbo,Jonsbo,COOLER
juhor,Juhor,RAM
kangkai,Kangkai,GPU
kimtigo,Kimtigo,RAM
kingmax,Kingmax,RAM
kingmax,Kingmax,STORAGE
kingspec,Kingspec,STORAGE
kingston,Kingston,RAM
kingston,Kingston,STORAGE
kioxia,Kioxia,STORAGE
klevv,Klevv,RAM
kllisre,Kllisre,MOTHERBOARD
kllisre,Kllisre,RAM
lexar,Lexar,RAM
lexar,Lexar,STORAGE
lian-li,Lian Li,CASE
loongson,Loongson,CPU
machinist,Machinist,MOTHERBOARD
magicool,Magicool,WATER_COOLING
manli,Manli,GPU
maxsun,Maxsun,GPU
maxsun,Maxsun,MOTHERBOARD
mecer,Mecer,MOTHERBOARD
mikro,Mikro,CASE
mikro,Mikro,PSU
minisforum,Minisforum,MOTHERBOARD
mishax,Mishax,GPU
mllse,MLLSE,GPU
montech,Montech,CASE
moore-threads,Moore Threads,GPU
movebest,Movebest,STORAGE
msi,MSI,GPU
msi,MSI,MOTHERBOARD
msi,MSI,PSU
mushkin,Mushkin,RAM
netac,Netac,RAM
netac,Netac,STORAGE
noctua,Noctua,COOLER
nvidia,NVIDIA,GPU
nzxt,NZXT,CASE
nzxt,NZXT,COOLER
nzxt,NZXT,MOTHERBOARD
onda,Onda,GPU
onda,Onda,MOTHERBOARD
onyx,Onyx,MOTHERBOARD
palit,Palit,GPU
panram,Panram,RAM
patriot,Patriot,RAM
pccooler,PCCooler,COOLER
peladn,Peladn,GPU
phanteks,Phanteks,CASE
phanteks,Phanteks,COOLER
phanteks,Phanteks,WATER_COOLING
phytium,Phytium,CPU
pioneer,Pioneer,RAM
pny,PNY,GPU
powercolor,PowerColor,GPU
reeinno,Reeinno,STORAGE
sabrent,Sabrent,STORAGE
sama,Sama,CASE
sama,Sama,COOLER
sama,Sama,PSU
samsung,Samsung,RAM
samsung,Samsung,STORAGE
sandisk,SanDisk,STORAGE
sapphire,Sapphire,GPU
scythe,Scythe,COOLER
seagate,Seagate,STORAGE
seasonic,Seasonic,PSU
segotep,Segotep,CASE
segotep,Segotep,COOLER
segotep,Segotep,PSU
silicon-power,Silicon Power,RAM
silicon-power,Silicon Power,STORAGE
silverstone,SilverStone,COOLER
silverstone,SilverStone,PSU
sk-hynix,SK Hynix,RAM
sk-hynix,SK Hynix,STORAGE
solidigm,Solidigm,STORAGE
somnambulist,Somnambulist,STORAGE
soyo,Soyo,GPU
soyo,Soyo,MOTHERBOARD
sparkle,Sparkle,GPU
sunway,Sunway,CPU
super-flower,Super Flower,PSU
szmz,Szmz,MOTHERBOARD
teamgroup,TeamGroup,RAM
teamgroup,TeamGroup,STORAGE
tecware,Tecware,CASE
thermalright,Thermalright,COOLER
thermaltake,Thermaltake,CASE
thermaltake,Thermaltake,PSU
thermaltake,Thermaltake,WATER_COOLING
toshiba,Toshiba,STORAGE
transcend,Transcend,STORAGE
valkyrie,Valkyrie,COOLER
vardar,Vardar,COOLER
vcolor,Vcolor,RAM
vsp,VSP,CASE
vsp,VSP,COOLER
vsp,VSP,PSU
walram,Walram,STORAGE
weijinto,Weijinto,STORAGE
western-digital,Western Digital,STORAGE
x99,X99,MOTHERBOARD
xfx,XFX,GPU
xigmatek,Xigmatek,CASE
xigmatek,Xigmatek,COOLER
xigmatek,Xigmatek,PSU
xraydisk,XrayDisk,STORAGE
yeston,Yeston,GPU
zalman,Zalman,COOLER
zhaoxin,Zhaoxin,CPU
zotac,Zotac,GPU
